{
  "RF": {
    "threshold": 0.0534831589433206,
    "f1_valid": 0.8817204301070282
  },
  "XGB": {
    "threshold": 0.22812701761722565,
    "f1_valid": 0.8756756756751775
  },
  "COST_FP": 1.0,
  "COST_FN": 10.0
}